section heading,section tok cnt,isnad tok cnt,isnad cnt,isnad percent
,16,0,0,0
 ,9,0,0,0
 ,1830,681,14,37.213114754098356
 ,5,0,0,0
 ,7,0,0,0
 ,91,0,0,0.0
 ,6,0,0,0.0
 ,3465,1251,25,36.103896103896105
