section heading,section tok cnt,isnad tok cnt,isnad cnt,isnad percent
,4274,3363,29,78.68507253158633
 ,335,298,3,88.95522388059702
 ,107,102,1,95.32710280373831
 ,13,0,0,0.0
 ,309,208,1,67.31391585760518
